{
 "full": 0.3650476336479187,
 "no_overlap": 0.36750906705856323,
 "no_cluster": 0.4131431579589844,
 "no_dropout": 0.3714408278465271,
 "varying_N": {
  "40": 0.6712738871574402,
  "80": 0.3596382439136505,
  "120": 0.3868362307548523
 }
}