{
 "bicycle": {
  "scene": "bicycle",
  "N": 80,
  "G": 16,
  "T": 120,
  "kappa_mean": 0.000882624043877991,
  "pairs_coupled": 855,
  "pct_coupled": 27.056962025316455,
  "total_pairs": 3160,
  "gate": true,
  "val_loss": 0.3650476336479187,
  "avg_imp_q": 16.953421542274345,
  "avg_imp_cem": 22.611530459590547,
  "regret_2": 0.00323311081208042,
  "regret_3": -0.04842726466047083,
  "regret_4": -0.08429559558725169,
  "heuristic": [
   1.0111859736434798,
   0.9311331320701309,
   0.8660061796138339,
   0.7955348771454643,
   0.735086695923212,
   0.7031852985080621,
   0.6595998701229628,
   0.6191797436879017
  ],
  "q_learned": [
   0.9709423005599082,
   0.8512239254558694,
   0.7595696161831065,
   0.6755769000373346,
   0.6023051774800388,
   0.5398714136525155,
   0.4869282065579526,
   0.44438730220645295
  ],
  "cem": [
   0.9568995636478587,
   0.8260355095640489,
   0.7180727828242147,
   0.6282566200535149,
   0.5518563744948761,
   0.48776287017319603,
   0.43557906192543705,
   0.39254468165150774
  ],
  "oracle": [
   0.9568995636478587,
   0.8314815308292698,
   0.7649047763353093,
   0.7184340960841793
  ],
  "K_values": [
   1,
   2,
   3,
   4,
   5,
   6,
   7,
   8
  ],
  "runtime": 2913.631143808365,
  "n_total_gaussians": 567714,
  "n_valid_gaussians": 33089
 },
 "bonsai": {
  "scene": "bonsai",
  "N": 80,
  "G": 16,
  "T": 120,
  "kappa_mean": 0.0006676695939842196,
  "pairs_coupled": 556,
  "pct_coupled": 17.59493670886076,
  "total_pairs": 3160,
  "gate": true,
  "val_loss": 0.43661296367645264,
  "avg_imp_q": 18.506921927400562,
  "avg_imp_cem": 23.731806553473277,
  "regret_2": 0.0003771823454480516,
  "regret_3": -0.030521930247765817,
  "regret_4": -0.07068103042044334,
  "heuristic": [
   1.1236977460591542,
   1.0408504649172259,
   0.94360756988317,
   0.8896306463178744,
   0.8327362512540696,
   0.7824504166021903,
   0.7464002225023147,
   0.7196622477974088
  ],
  "q_learned": [
   1.0395370278161031,
   0.9216180056784421,
   0.821475228470581,
   0.7449037925690642,
   0.6720308417336006,
   0.6031169830161401,
   0.5487951810497983,
   0.4950787669111488
  ],
  "cem": [
   1.0158137819866953,
   0.8892847269378733,
   0.7822659525182817,
   0.6922536982465798,
   0.6156632762335293,
   0.5501555714829179,
   0.49851225004739447,
   0.4502173343637635
  ],
  "oracle": [
   1.0158137819866953,
   0.8954263370916719,
   0.829678901915214,
   0.774348670612372
  ],
  "K_values": [
   1,
   2,
   3,
   4,
   5,
   6,
   7,
   8
  ],
  "runtime": 2864.828187942505,
  "n_total_gaussians": 272956,
  "n_valid_gaussians": 17944
 },
 "counter": {
  "scene": "counter",
  "N": 80,
  "G": 16,
  "T": 120,
  "kappa_mean": 0.0007798992455342296,
  "pairs_coupled": 701,
  "pct_coupled": 22.18354430379747,
  "total_pairs": 3160,
  "gate": true,
  "val_loss": 0.35676321387290955,
  "avg_imp_q": 13.257132305177313,
  "avg_imp_cem": 17.130771494158576,
  "regret_2": 0.0006103384623857844,
  "regret_3": -0.06538317508859617,
  "regret_4": -0.10709778008469302,
  "heuristic": [
   1.661849574739485,
   1.549113430773249,
   1.4372308440628956,
   1.3381629923010272,
   1.2425700922275231,
   1.1621253665030795,
   1.076141332115424,
   1.0230264612978304
  ],
  "q_learned": [
   1.597973276867822,
   1.4408949365665686,
   1.2970474516126567,
   1.1660601810556275,
   1.0572229382491767,
   0.9549991794821395,
   0.8740265780874598,
   0.8072519576752575
  ],
  "cem": [
   1.5782649979854146,
   1.4038470330479798,
   1.2484251795614838,
   1.113135927072704,
   0.9983968323257225,
   0.90356787779886,
   0.8242078257555717,
   0.7429614111633431
  ],
  "oracle": [
   1.5782649979854146,
   1.4104957297849516,
   1.3094909451524486,
   1.2344866409635498
  ],
  "K_values": [
   1,
   2,
   3,
   4,
   5,
   6,
   7,
   8
  ],
  "runtime": 2841.753836631775,
  "n_total_gaussians": 1029406,
  "n_valid_gaussians": 87065
 },
 "garden": {
  "scene": "garden",
  "N": 80,
  "G": 16,
  "T": 120,
  "kappa_mean": 0.0012290050112318382,
  "pairs_coupled": 1029,
  "pct_coupled": 32.563291139240505,
  "total_pairs": 3160,
  "gate": true,
  "val_loss": 0.3815165162086487,
  "avg_imp_q": 14.072341370914774,
  "avg_imp_cem": 19.746003280947594,
  "regret_2": 0.0003489888990290568,
  "regret_3": -0.07366726585397373,
  "regret_4": -0.14951340629471704,
  "heuristic": [
   1.7843639385861285,
   1.6474278543462624,
   1.5153072184383611,
   1.4277102708458156,
   1.3276885516802486,
   1.236526978954277,
   1.1572928653748293,
   1.1070545545949455
  ],
  "q_learned": [
   1.7299797103686723,
   1.5268985927225012,
   1.3713216699788953,
   1.2242003704300874,
   1.1065071984174217,
   1.014606422411753,
   0.9249343157949056,
   0.8438593691186145
  ],
  "cem": [
   1.6935507053910728,
   1.4785121130892445,
   1.3013692272591177,
   1.151506056241504,
   1.024389634406882,
   0.9243730298670151,
   0.8237894653998159,
   0.7499759450754059
  ],
  "oracle": [
   1.6935507053910728,
   1.4850621298021964,
   1.3831777964976164,
   1.2832633168051186
  ],
  "K_values": [
   1,
   2,
   3,
   4,
   5,
   6,
   7,
   8
  ],
  "runtime": 2889.9899656772614,
  "n_total_gaussians": 4386142,
  "n_valid_gaussians": 369332
 },
 "room": {
  "scene": "room",
  "N": 80,
  "G": 16,
  "T": 120,
  "kappa_mean": 0.000619128123106618,
  "pairs_coupled": 521,
  "pct_coupled": 16.4873417721519,
  "total_pairs": 3160,
  "gate": true,
  "val_loss": 0.43284937739372253,
  "avg_imp_q": 21.508200070413615,
  "avg_imp_cem": 25.63589297689063,
  "regret_2": 0.001168351871275447,
  "regret_3": -0.037836598645602085,
  "regret_4": -0.08994740415919482,
  "heuristic": [
   1.1959005571732924,
   1.109420974635218,
   1.0134507846060292,
   0.9701159773840684,
   0.9402747964346453,
   0.8745795556501612,
   0.8354032515859257,
   0.7890736963463097
  ],
  "q_learned": [
   1.1146309673194899,
   0.969364910899182,
   0.8643768617646981,
   0.7758061395878254,
   0.6994927618447833,
   0.6375887497777578,
   0.5734845390927695,
   0.521980863807141
  ],
  "cem": [
   1.087472954862746,
   0.9485773025567718,
   0.8329551193234525,
   0.7347895761799879,
   0.6545090924983239,
   0.5853642928288223,
   0.5271645962134628,
   0.48056784323606816
  ],
  "oracle": [
   1.087472954862746,
   0.9539981614644322,
   0.8834975929829004,
   0.8372645547226069
  ],
  "K_values": [
   1,
   2,
   3,
   4,
   5,
   6,
   7,
   8
  ],
  "runtime": 2887.1379132270813,
  "n_total_gaussians": 1130125,
  "n_valid_gaussians": 100591
 },
 "kitchen": {
  "scene": "kitchen",
  "N": 80,
  "G": 16,
  "T": 120,
  "kappa_mean": 0.000622575515800342,
  "pairs_coupled": 557,
  "pct_coupled": 17.626582278481013,
  "total_pairs": 3160,
  "gate": true,
  "val_loss": 0.3720754384994507,
  "avg_imp_q": 18.440244106221652,
  "avg_imp_cem": 24.39831401040159,
  "regret_2": 0.0022504219830498883,
  "regret_3": -0.04214135263763434,
  "regret_4": -0.13170325369732108,
  "heuristic": [
   1.1556705785789363,
   1.0831850797408642,
   1.0134203149425898,
   0.9529518674247425,
   0.901688776981194,
   0.8527633406416643,
   0.800281102563033,
   0.758836510099135
  ],
  "q_learned": [
   1.0880838636877954,
   0.9672562058760257,
   0.876926458936661,
   0.7931483003615263,
   0.713616812097938,
   0.647147941178948,
   0.593552625036229,
   0.5317034734371432
  ],
  "cem": [
   1.0745852725227134,
   0.9350590937491968,
   0.8215548266023112,
   0.7284341663419501,
   0.6479850860883886,
   0.5823743604573917,
   0.5263202927591997,
   0.4710439262992967
  ],
  "oracle": [
   1.0745852725227134,
   0.9413877646654953,
   0.876245981130833,
   0.8291310526654243
  ],
  "K_values": [
   1,
   2,
   3,
   4,
   5,
   6,
   7,
   8
  ],
  "runtime": 2892.7112126350403,
  "n_total_gaussians": 1684648,
  "n_valid_gaussians": 127699
 }
}